CodeModule;Ordre;CodeVar;TypeParam
0;1;162;"OUT"
0;2;163;"OUT"
0;3;164;"OUT"
0;4;160;"OUT"
0;5;161;"OUT"
0;6;166;"OUT"
0;7;168;"OUT"
0;8;149;"OUT"
0;9;169;"OUT"
0;10;185;"OUT"
0;11;129;"IN"
0;12;186;"IN"
1;1;16;"IN"
1;2;8;"IN"
1;3;94;"IN"
1;4;92;"IN"
1;5;118;"OUT"
1;6;127;"OUT"
2;1;93;"IN"
2;2;181;"IN"
2;3;139;"IN"
2;4;118;"IN"
2;5;111;"IN"
2;6;133;"INOUT"
2;7;112;"INOUT"
2;8;14;"INOUT"
2;9;132;"INOUT"
2;10;117;"OUT"
8;1;140;"IN"
8;2;180;"IN"
8;3;114;"OUT"
9;1;180;"IN"
9;2;141;"IN"
9;3;123;"OUT"
23;1;132;"IN"
23;2;139;"IN"
23;3;124;"OUT"
24;1;111;"IN"
24;2;112;"IN"
24;3;125;"OUT"
26;1;140;"IN"
26;2;65;"IN"
26;3;125;"IN"
26;4;180;"IN"
26;5;116;"OUT"
27;1;114;"IN"
27;2;116;"IN"
27;3;113;"OUT"
29;1;111;"IN"
29;2;139;"IN"
29;3;122;"IN"
29;4;114;"IN"
29;5;123;"IN"
29;6;113;"INOUT"
29;7;112;"INOUT"
29;8;132;"INOUT"
29;9;133;"INOUT"
29;10;120;"INOUT"
29;11;119;"INOUT"
31;1;58;"IN"
31;2;104;"IN"
31;3;128;"OUT"
33;1;98;"IN"
33;2;182;"IN"
33;3;596;"IN"
33;4;71;"IN"
33;5;97;"IN"
33;6;105;"IN"
33;7;137;"OUT"
37;1;57;"IN"
37;2;128;"IN"
37;3;140;"OUT"
42;1;5;"IN"
42;2;128;"IN"
42;3;141;"OUT"
43;1;141;"IN"
43;2;140;"IN"
43;3;103;"OUT"
49;1;179;"IN"
49;2;88;"IN"
49;3;134;"OUT"
50;1;149;"IN"
50;2;150;"OUT"
51;1;151;"IN"
51;2;150;"IN"
51;3;136;"OUT"
52;1;136;"IN"
52;2;135;"OUT"
53;1;149;"IN"
53;2;152;"OUT"
54;1;136;"IN"
54;2;150;"IN"
54;3;152;"IN"
54;4;151;"IN"
54;5;153;"OUT"
55;1;153;"IN"
55;2;154;"IN"
55;3;155;"OUT"
56;1;368;"IN"
56;2;154;"IN"
56;3;155;"IN"
56;4;179;"IN"
56;5;19;"IN"
56;6;18;"IN"
56;7;12;"IN"
56;8;11;"IN"
56;9;183;"IN"
56;10;182;"IN"
56;11;22;"IN"
56;12;180;"OUT"
56;13;156;"INOUT"
56;14;184;"OUT"
57;1;135;"IN"
57;2;15;"IN"
57;3;153;"IN"
57;4;155;"IN"
57;5;17;"IN"
57;6;179;"OUT"
100;1;283;"IN"
100;2;284;"IN"
100;3;93;"IN"
100;4;3;"IN"
100;5;281;"IN"
100;6;282;"IN"
100;7;165;"IN"
100;8;132;"OUT"
100;9;133;"OUT"
100;10;128;"OUT"
100;11;14;"OUT"
100;12;111;"OUT"
100;13;139;"OUT"
100;14;181;"OUT"
102;1;171;"IN"
102;2;151;"OUT"
33104;1;19;"IN"
33104;2;18;"IN"
33104;3;12;"IN"
33104;4;11;"IN"
33104;5;20;"IN"
33104;6;13;"IN"
33104;7;182;"OUT"
33104;8;183;"OUT"
33110;1;180;"IN"
33110;2;141;"IN"
33110;3;123;"OUT"
33113;1;65;"IN"
33113;2;125;"IN"
33113;3;180;"IN"
33113;4;103;"IN"
33113;5;116;"OUT"
33114;1;122;"IN"
33114;2;113;"IN"
33114;3;114;"IN"
33114;4;119;"OUT"
33114;5;120;"OUT"
33115;1;111;"IN"
33115;2;139;"IN"
33115;3;222;"IN"
33115;4;113;"IN"
33115;5;112;"INOUT"
33115;6;132;"INOUT"
33115;7;133;"INOUT"
33115;8;226;"INOUT"
33115;9;227;"INOUT"
33115;10;228;"INOUT"
33116;1;16;"IN"
33116;2;94;"IN"
33116;3;92;"IN"
33116;4;8;"IN"
33116;5;118;"OUT"
33116;6;127;"OUT"
33117;1;139;"IN"
33117;2;118;"IN"
33117;3;111;"IN"
33117;4;224;"IN"
33117;5;222;"IN"
33117;6;223;"IN"
33117;7;229;"IN"
33117;8;133;"INOUT"
33117;9;112;"INOUT"
33117;10;14;"INOUT"
33117;11;132;"INOUT"
33117;12;117;"OUT"
33117;13;227;"INOUT"
33117;14;226;"INOUT"
33117;15;228;"INOUT"
33118;1;115;"IN"
33118;2;14;"IN"
33118;3;93;"IN"
33118;4;132;"IN"
33118;5;139;"IN"
33118;6;3;"IN"
33118;7;281;"IN"
33118;8;282;"IN"
33118;9;227;"IN"
33118;10;226;"IN"
33118;11;105;"IN"
33118;12;239;"IN"
33118;13;111;"INOUT"
33118;14;112;"INOUT"
33118;15;133;"INOUT"
33119;1;283;"IN"
33119;2;284;"IN"
33119;3;93;"IN"
33119;4;281;"IN"
33119;5;282;"IN"
33119;6;91;"IN"
33119;7;130;"IN"
33119;8;165;"IN"
33119;9;133;"OUT"
33119;10;128;"OUT"
33119;11;14;"OUT"
33119;12;139;"OUT"
33119;13;181;"OUT"
33119;14;229;"OUT"
33119;15;222;"OUT"
33119;16;224;"OUT"
33119;17;223;"OUT"
33119;18;228;"OUT"
33119;19;227;"OUT"
33119;20;226;"OUT"
33119;21;132;"OUT"
33121;1;233;"IN"
33121;2;77;"IN"
33121;3;81;"IN"
33121;4;79;"IN"
33121;5;80;"IN"
33121;6;170;"OUT"
33121;7;105;"OUT"
33121;8;96;"OUT"
33121;9;234;"OUT"
33121;10;98;"OUT"
33121;11;235;"OUT"
33121;12;236;"OUT"
33121;13;97;"OUT"
33121;14;99;"OUT"
33121;15;237;"OUT"
33121;16;172;"OUT"
33121;17;104;"OUT"
33123;1;86;"IN"
33123;2;182;"IN"
33123;3;85;"IN"
33123;4;256;"OUT"
33125;1;105;"IN"
33125;2;56;"IN"
33125;3;48;"IN"
33125;4;99;"IN"
33125;5;173;"IN"
33125;6;49;"IN"
33125;7;50;"IN"
33125;8;172;"IN"
33125;9;243;"OUT"
33126;1;134;"IN"
33126;2;128;"IN"
33126;3;244;"OUT"
33127;1;244;"IN"
33127;2;243;"IN"
33127;3;177;"OUT"
33128;1;116;"IN"
33128;2;245;"OUT"
33129;1;272;"IN"
33129;2;72;"IN"
33129;3;76;"IN"
33129;4;75;"IN"
33129;5;73;"IN"
33129;6;74;"IN"
33129;7;105;"IN"
33129;8;115;"OUT"
33130;1;177;"IN"
33130;2;245;"IN"
33130;3;95;"OUT"
33131;1;95;"IN"
33131;2;137;"IN"
33131;3;105;"IN"
33131;4;237;"OUT"
33134;1;247;"IN"
33134;2;248;"IN"
33134;3;69;"IN"
33134;4;105;"IN"
33134;5;205;"OUT"
33134;6;147;"OUT"
33135;1;237;"IN"
33135;2;105;"IN"
33135;3;1;"IN"
33135;4;70;"IN"
33135;5;53;"IN"
33135;6;239;"IN"
33135;7;98;"INOUT"
33136;1;62;"IN"
33136;2;98;"IN"
33136;3;51;"IN"
33136;4;249;"OUT"
33137;1;237;"IN"
33137;2;249;"IN"
33137;3;98;"IN"
33137;4;105;"IN"
33137;5;62;"IN"
33137;6;51;"IN"
33137;7;239;"IN"
33137;8;248;"OUT"
33137;9;96;"INOUT"
33138;1;98;"IN"
33138;2;96;"IN"
33138;3;236;"OUT"
33139;1;105;"IN"
33139;2;52;"IN"
33139;3;63;"IN"
33139;4;96;"IN"
33139;5;250;"OUT"
33141;1;237;"IN"
33141;2;254;"IN"
33141;3;105;"IN"
33141;4;250;"IN"
33141;5;205;"IN"
33141;6;96;"IN"
33141;7;239;"IN"
33141;8;52;"IN"
33141;9;63;"IN"
33141;10;146;"OUT"
33141;11;97;"INOUT"
33142;1;237;"IN"
33142;2;105;"IN"
33142;3;254;"IN"
33142;4;205;"IN"
33142;5;97;"IN"
33142;6;96;"IN"
33142;7;235;"INOUT"
33143;1;235;"IN"
33143;2;97;"IN"
33143;3;105;"IN"
33143;4;234;"OUT"
33144;1;248;"IN"
33144;2;205;"IN"
33144;3;105;"IN"
33144;4;247;"IN"
33144;5;255;"OUT"
33145;1;255;"IN"
33145;2;105;"IN"
33145;3;109;"INOUT"
33146;1;256;"IN"
33146;2;105;"IN"
33146;3;99;"INOUT"
33147;1;82;"IN"
33147;2;83;"IN"
33147;3;64;"IN"
33147;4;146;"IN"
33147;5;97;"IN"
33147;6;105;"IN"
33147;7;239;"IN"
33147;8;144;"INOUT"
33159;1;18;"IN"
33159;2;19;"IN"
33159;3;85;"IN"
33159;4;86;"IN"
33159;5;277;"IN"
33159;6;279;"IN"
33159;7;256;"OUT"
33163;1;115;"IN"
33163;2;14;"IN"
33163;3;93;"IN"
33163;4;132;"IN"
33163;5;139;"IN"
33163;6;116;"IN"
33163;7;111;"INOUT"
33163;8;112;"INOUT"
33164;1;68;"IN"
33164;2;99;"IN"
33164;3;233;"IN"
33164;4;77;"IN"
33164;5;81;"IN"
33164;6;79;"IN"
33164;7;80;"IN"
33164;8;132;"IN"
33164;9;241;"IN"
33164;10;132;"IN"
33164;11;149;"IN"
33164;12;185;"IN"
33164;13;133;"IN"
33164;14;158;"INOUT"
33164;15;105;"INOUT"
33164;16;173;"INOUT"
33164;17;172;"INOUT"
33164;18;239;"OUT"
33165;1;59;"IN"
33165;2;98;"IN"
33165;3;105;"IN"
33165;4;239;"IN"
33165;5;278;"IN"
33165;6;176;"OUT"
33165;7;242;"INOUT"
33165;8;174;"INOUT"
33166;1;222;"IN"
33166;2;224;"IN"
33166;3;223;"IN"
33166;4;228;"IN"
33166;5;226;"IN"
33166;6;124;"OUT"
33167;1;105;"IN"
33167;2;97;"IN"
33167;3;144;"IN"
33167;4;104;"OUT"
33168;1;123;"IN"
33168;2;124;"IN"
33168;3;222;"IN"
33168;4;223;"IN"
33168;5;111;"IN"
33168;6;139;"IN"
33168;7;122;"OUT"
33168;8;228;"INOUT"
33168;9;226;"INOUT"
33168;10;227;"INOUT"
33168;11;112;"INOUT"
33168;12;133;"INOUT"
33169;1;105;"IN"
33169;2;176;"IN"
33169;3;256;"IN"
33169;4;79;"IN"
33169;5;116;"IN"
33169;6;247;"OUT"
33170;1;115;"IN"
33170;2;14;"IN"
33170;3;93;"IN"
33170;4;132;"IN"
33170;5;139;"IN"
33170;6;3;"IN"
33170;7;281;"IN"
33170;8;282;"IN"
33170;9;227;"IN"
33170;10;226;"IN"
33170;11;105;"IN"
33170;12;239;"IN"
33170;13;116;"IN"
33170;14;111;"INOUT"
33170;15;112;"INOUT"
33170;16;133;"INOUT"
33206;1;507;"IN"
33206;2;68;"IN"
33206;3;491;"IN"
33206;4;233;"IN"
33206;5;77;"IN"
33206;6;81;"IN"
33206;7;79;"IN"
33206;8;80;"IN"
33206;9;132;"IN"
33206;10;241;"IN"
33206;11;139;"IN"
33206;12;149;"IN"
33206;13;165;"IN"
33206;14;133;"IN"
33206;15;105;"INOUT"
33206;16;173;"INOUT"
33206;17;172;"INOUT"
33206;18;239;"INOUT"
33206;19;297;"INOUT"
33206;20;298;"INOUT"
33206;21;299;"INOUT"
33207;1;105;"IN"
33207;2;239;"IN"
33207;3;99;"IN"
33207;4;256;"IN"
33207;5;193;"IN"
33207;6;66;"IN"
33207;7;135;"IN"
33207;8;366;"IN"
33207;9;158;"OUT"
33207;10;173;"INOUT"
33207;11;172;"INOUT"
33244;1;116;"IN"
33244;2;350;"IN"
33244;3;105;"INOUT"
33255;1;99;"IN"
33255;2;233;"IN"
33255;3;77;"IN"
33255;4;81;"IN"
33255;5;79;"IN"
33255;6;80;"IN"
33255;7;328;"IN"
33255;8;132;"IN"
33255;9;105;"INOUT"
33255;10;173;"INOUT"
33255;11;172;"INOUT"
33255;12;239;"INOUT"
33255;13;367;"INOUT"
33256;1;105;"IN"
33256;2;239;"IN"
33256;3;99;"IN"
33256;4;256;"IN"
33256;5;193;"IN"
33256;6;66;"IN"
33256;7;135;"IN"
33256;8;366;"IN"
33256;9;68;"IN"
33256;10;158;"OUT"
33256;11;173;"INOUT"
33256;12;367;"INOUT"
33258;1;272;"IN"
33258;2;72;"IN"
33258;3;76;"IN"
33258;4;75;"IN"
33258;5;73;"IN"
33258;6;74;"IN"
33258;7;105;"IN"
33258;8;115;"OUT"
33260;1;247;"IN"
33260;2;248;"IN"
33260;3;205;"IN"
33260;4;105;"IN"
33260;5;109;"INOUT"
33261;1;247;"IN"
33261;2;248;"IN"
33261;3;69;"IN"
33261;4;105;"IN"
33261;5;97;"IN"
33261;6;205;"OUT"
33261;7;147;"OUT"
33262;1;177;"IN"
33262;2;113;"IN"
33262;3;114;"IN"
33262;4;95;"OUT"
33263;1;95;"IN"
33263;2;137;"IN"
33263;3;105;"IN"
33263;4;1;"IN"
33263;5;70;"IN"
33263;6;53;"IN"
33263;7;239;"IN"
33263;8;98;"INOUT"
33263;9;237;"OUT"
33264;1;98;"IN"
33264;2;105;"IN"
33264;3;62;"IN"
33264;4;51;"IN"
33264;5;239;"IN"
33264;6;237;"IN"
33264;7;248;"OUT"
33264;8;96;"INOUT"
33265;1;105;"IN"
33265;2;52;"IN"
33265;3;63;"IN"
33265;4;96;"IN"
33265;5;254;"IN"
33265;6;109;"IN"
33265;7;248;"IN"
33265;8;205;"IN"
33265;9;97;"INOUT"
33265;10;235;"OUT"
33265;11;146;"OUT"
33266;1;82;"IN"
33266;2;83;"IN"
33266;3;64;"IN"
33266;4;146;"IN"
33266;5;97;"IN"
33266;6;105;"IN"
33266;7;239;"IN"
33266;8;144;"INOUT"
33268;1;123;"IN"
33268;2;124;"IN"
33268;3;132;"IN"
33268;4;122;"OUT"
33269;1;59;"IN"
33269;2;98;"IN"
33269;3;105;"IN"
33269;4;239;"IN"
33269;5;278;"IN"
33269;6;345;"IN"
33269;7;256;"IN"
33269;8;79;"IN"
33269;9;113;"IN"
33269;10;114;"IN"
33269;11;137;"IN"
33269;12;97;"IN"
33269;13;176;"INOUT"
33269;14;242;"OUT"
33269;15;174;"INOUT"
33269;16;247;"OUT"
33270;1;248;"IN"
33270;2;326;"IN"
33270;3;350;"IN"
33270;4;239;"IN"
33270;5;105;"INOUT"
33270;6;111;"INOUT"
33272;1;18;"IN"
33272;2;19;"IN"
33272;3;85;"IN"
33272;4;86;"IN"
33272;5;277;"IN"
33272;6;279;"IN"
33272;7;116;"IN"
33272;8;371;"IN"
33272;9;256;"OUT"
33272;10;370;"OUT"
33273;1;105;"IN"
33273;2;370;"IN"
33273;3;372;"IN"
33273;4;550;"IN"
33273;5;373;"OUT"
33273;6;374;"OUT"
33273;7;375;"INOUT"
33274;1;373;"IN"
33274;2;526;"IN"
33274;3;374;"IN"
33274;4;116;"IN"
33274;5;376;"IN"
33274;6;377;"IN"
33274;7;378;"IN"
33274;8;552;"IN"
33274;9;380;"IN"
33274;10;58;"IN"
33274;11;505;"IN"
33274;12;497;"IN"
33274;13;599;"IN"
33274;14;653;"IN"
33274;15;382;"OUT"
33274;16;381;"INOUT"
33274;17;383;"OUT"
33274;18;384;"OUT"
33275;1;390;"IN"
33275;2;57;"IN"
33275;3;5;"IN"
33275;4;140;"OUT"
33275;5;141;"OUT"
33275;6;387;"OUT"
33276;1;141;"IN"
33276;2;123;"IN"
33276;3;222;"IN"
33276;4;223;"IN"
33276;5;111;"IN"
33276;6;139;"IN"
33276;7;122;"OUT"
33276;8;228;"INOUT"
33276;9;226;"INOUT"
33276;10;227;"INOUT"
33276;11;112;"INOUT"
33276;12;133;"INOUT"
33276;13;225;"OUT"
33276;14;388;"OUT"
33277;1;272;"IN"
33277;2;72;"IN"
33277;3;76;"IN"
33277;4;75;"IN"
33277;5;73;"IN"
33277;6;74;"IN"
33277;7;496;"IN"
33277;8;116;"IN"
33277;9;105;"IN"
33277;10;370;"IN"
33277;11;115;"OUT"
33277;12;389;"OUT"
33278;1;134;"IN"
33278;2;385;"IN"
33278;3;244;"OUT"
33279;1;116;"IN"
33279;2;391;"IN"
33279;3;245;"OUT"
33280;1;392;"IN"
33280;2;393;"IN"
33280;3;394;"IN"
33280;4;395;"IN"
33280;5;396;"IN"
33280;6;397;"IN"
33280;7;398;"IN"
33280;8;399;"IN"
33280;9;400;"IN"
33280;10;401;"IN"
33280;11;182;"IN"
33280;12;84;"IN"
33280;13;525;"IN"
33280;14;443;"OUT"
33281;1;105;"IN"
33281;2;239;"IN"
33281;3;546;"IN"
33281;4;402;"IN"
33281;5;1;"IN"
33281;6;505;"IN"
33281;7;537;"IN"
33281;8;116;"IN"
33281;9;375;"IN"
33281;10;536;"IN"
33281;11;552;"INOUT"
33281;12;379;"INOUT"
33281;13;404;"INOUT"
33282;1;105;"IN"
33282;2;552;"IN"
33282;3;374;"IN"
33282;4;405;"INOUT"
33282;5;406;"INOUT"
33283;1;105;"IN"
33283;2;512;"IN"
33283;3;81;"IN"
33283;4;407;"IN"
33283;5;1;"IN"
33283;6;505;"IN"
33283;7;546;"IN"
33283;8;408;"OUT"
33283;9;404;"INOUT"
33283;10;379;"INOUT"
33283;11;552;"INOUT"
33284;1;105;"IN"
33284;2;505;"IN"
33284;3;409;"IN"
33284;4;144;"IN"
33284;5;410;"OUT"
33284;6;397;"INOUT"
33284;7;411;"OUT"
33284;8;412;"INOUT"
33284;9;504;"INOUT"
33285;1;105;"IN"
33285;2;373;"IN"
33285;3;95;"IN"
33285;4;411;"IN"
33285;5;443;"IN"
33285;6;515;"OUT"
33285;7;471;"INOUT"
33285;8;524;"INOUT"
33285;9;454;"INOUT"
33285;10;415;"OUT"
33286;1;105;"IN"
33286;2;375;"IN"
33286;3;513;"IN"
33286;4;377;"OUT"
33287;1;105;"IN"
33287;2;405;"IN"
33287;3;144;"IN"
33287;4;82;"IN"
33287;5;377;"IN"
33287;6;1;"IN"
33287;7;378;"IN"
33287;8;508;"IN"
33287;9;116;"IN"
33287;10;418;"INOUT"
33287;11;419;"INOUT"
33287;12;420;"INOUT"
33288;1;105;"IN"
33288;2;420;"IN"
33288;3;497;"IN"
33288;4;83;"IN"
33288;5;82;"IN"
33288;6;144;"IN"
33288;7;599;"IN"
33288;8;421;"OUT"
33289;1;105;"IN"
33289;2;1;"IN"
33289;3;422;"IN"
33289;4;423;"IN"
33289;5;424;"IN"
33289;6;425;"IN"
33289;7;415;"IN"
33289;8;426;"OUT"
33289;9;427;"OUT"
33289;10;428;"OUT"
33289;11;431;"OUT"
33289;12;432;"OUT"
33289;13;433;"OUT"
33289;14;498;"INOUT"
33289;15;499;"INOUT"
33289;16;444;"OUT"
33290;1;373;"IN"
33290;2;382;"IN"
33290;3;552;"IN"
33290;4;435;"IN"
33290;5;1;"IN"
33290;6;505;"IN"
33290;7;436;"OUT"
33290;8;437;"OUT"
33291;1;105;"IN"
33291;2;438;"IN"
33291;3;552;"IN"
33291;4;505;"IN"
33291;5;401;"IN"
33291;6;1;"IN"
33291;7;439;"IN"
33291;8;440;"OUT"
33291;9;441;"OUT"
33291;10;442;"OUT"
33292;1;105;"IN"
33292;2;443;"IN"
33292;3;420;"IN"
33292;4;421;"IN"
33292;5;433;"IN"
33292;6;437;"IN"
33292;7;442;"IN"
33292;8;415;"IN"
33292;9;514;"IN"
33292;10;383;"IN"
33292;11;116;"IN"
33292;12;446;"OUT"
33292;13;505;"INOUT"
33292;14;586;"INOUT"
33292;15;380;"OUT"
33292;16;654;"INOUT"
33292;17;653;"OUT"
33293;1;105;"IN"
33293;2;505;"IN"
33293;3;415;"IN"
33293;4;420;"IN"
33293;5;446;"IN"
33293;6;448;"OUT"
33294;1;105;"IN"
33294;2;505;"IN"
33294;3;415;"IN"
33294;4;421;"IN"
33294;5;446;"IN"
33294;6;449;"OUT"
33295;1;105;"IN"
33295;2;505;"IN"
33295;3;415;"IN"
33295;4;433;"IN"
33295;5;446;"IN"
33295;6;450;"OUT"
33296;1;105;"IN"
33296;2;505;"IN"
33296;3;415;"IN"
33296;4;437;"IN"
33296;5;446;"IN"
33296;6;451;"OUT"
33297;1;105;"IN"
33297;2;505;"IN"
33297;3;415;"IN"
33297;4;442;"IN"
33297;5;446;"IN"
33297;6;452;"OUT"
33298;1;105;"IN"
33298;2;448;"IN"
33298;3;449;"IN"
33298;4;450;"IN"
33298;5;451;"IN"
33298;6;452;"IN"
33298;7;415;"IN"
33298;8;424;"OUT"
33298;9;454;"INOUT"
33299;1;105;"IN"
33299;2;505;"IN"
33299;3;373;"IN"
33299;4;477;"IN"
33299;5;446;"IN"
33299;6;420;"IN"
33299;7;421;"IN"
33299;8;433;"IN"
33299;9;437;"IN"
33299;10;442;"IN"
33299;11;500;"IN"
33299;12;456;"OUT"
33299;13;457;"OUT"
33299;14;448;"INOUT"
33299;15;449;"INOUT"
33299;16;450;"INOUT"
33299;17;451;"INOUT"
33299;18;452;"INOUT"
33299;19;424;"INOUT"
33299;20;465;"OUT"
33300;1;105;"IN"
33300;2;401;"IN"
33300;3;458;"IN"
33300;4;523;"IN"
33300;5;370;"IN"
33300;6;79;"IN"
33300;7;415;"IN"
33300;8;95;"IN"
33300;9;443;"IN"
33300;10;599;"IN"
33300;11;462;"OUT"
33300;12;463;"OUT"
33300;13;454;"INOUT"
33300;14;505;"INOUT"
33301;1;105;"IN"
33301;2;505;"IN"
33301;3;477;"IN"
33301;4;463;"IN"
33301;5;415;"IN"
33301;6;500;"IN"
33301;7;443;"IN"
33301;8;95;"IN"
33301;9;456;"OUT"
33301;10;454;"INOUT"
33301;11;464;"OUT"
33301;12;465;"OUT"
33301;13;466;"OUT"
33301;14;467;"INOUT"
33302;1;105;"IN"
33302;2;373;"IN"
33302;3;400;"IN"
33302;4;398;"IN"
33302;5;468;"IN"
33302;6;454;"IN"
33302;7;465;"IN"
33302;8;469;"OUT"
33302;9;470;"OUT"
33302;10;477;"INOUT"
33302;11;471;"INOUT"
33302;12;524;"INOUT"
33302;13;472;"OUT"
33303;1;105;"IN"
33303;2;448;"IN"
33303;3;449;"IN"
33303;4;450;"IN"
33303;5;451;"IN"
33303;6;452;"IN"
33303;7;472;"IN"
33303;8;466;"IN"
33303;9;424;"OUT"
33303;10;473;"OUT"
33304;1;105;"IN"
33304;2;239;"IN"
33304;3;546;"IN"
33304;4;70;"IN"
33304;5;53;"IN"
33304;6;1;"IN"
33304;7;448;"IN"
33304;8;449;"IN"
33304;9;450;"IN"
33304;10;451;"IN"
33304;11;452;"IN"
33304;12;424;"IN"
33304;13;472;"IN"
33304;14;467;"IN"
33304;15;469;"IN"
33304;16;379;"IN"
33304;17;458;"IN"
33304;18;523;"IN"
33304;19;397;"INOUT"
33304;20;398;"INOUT"
33304;21;399;"INOUT"
33304;22;400;"INOUT"
33304;23;401;"INOUT"
33304;24;551;"INOUT"
33304;25;476;"INOUT"
33304;26;477;"INOUT"
33304;27;478;"OUT"
33304;28;479;"OUT"
33304;29;480;"OUT"
33304;30;481;"OUT"
33304;31;474;"OUT"
33304;32;503;"OUT"
33304;33;527;"INOUT"
33304;34;528;"INOUT"
33304;35;529;"INOUT"
33304;36;530;"INOUT"
33304;37;531;"INOUT"
33304;38;532;"INOUT"
33304;39;533;"INOUT"
33304;40;534;"INOUT"
33305;1;105;"IN"
33305;2;239;"IN"
33305;3;397;"IN"
33305;4;144;"IN"
33305;5;82;"IN"
33305;6;104;"OUT"
33306;1;105;"IN"
33306;2;511;"IN"
33306;3;1;"IN"
33306;4;384;"IN"
33306;5;383;"IN"
33306;6;58;"IN"
33306;7;104;"IN"
33306;8;482;"IN"
33306;9;487;"OUT"
33306;10;488;"OUT"
33306;11;489;"OUT"
33306;12;385;"INOUT"
33306;13;490;"OUT"
33306;14;390;"INOUT"
33307;1;82;"IN"
33307;2;83;"IN"
33307;3;365;"IN"
33307;4;99;"IN"
33307;5;233;"IN"
33307;6;105;"IN"
33307;7;370;"IN"
33307;8;86;"IN"
33307;9;85;"IN"
33307;10;547;"IN"
33307;11;397;"IN"
33307;12;448;"IN"
33307;13;548;"OUT"
33307;14;549;"OUT"
33307;15;144;"INOUT"
33308;1;105;"IN"
33308;2;239;"IN"
33308;3;491;"IN"
33308;4;370;"IN"
33308;5;193;"IN"
33308;6;66;"IN"
33308;7;135;"IN"
33308;8;366;"IN"
33308;9;507;"INOUT"
33308;10;173;"INOUT"
33308;11;172;"INOUT"
33309;1;370;"IN"
33309;2;105;"IN"
33309;3;491;"INOUT"
33310;1;105;"IN"
33310;2;239;"IN"
33310;3;244;"IN"
33310;4;481;"IN"
33310;5;412;"IN"
33310;6;113;"IN"
33310;7;122;"IN"
33310;8;117;"IN"
33310;9;127;"IN"
33310;10;415;"IN"
33310;11;471;"IN"
33310;12;8;"IN"
33310;13;568;"IN"
33310;14;16;"IN"
33310;15;95;"IN"
33310;16;177;"IN"
33310;17;243;"IN"
33310;18;129;"IN"
33310;19;349;"OUT"
33310;20;348;"INOUT"
33310;21;539;"INOUT"
33310;22;540;"INOUT"
33310;23;576;"INOUT"
33310;24;577;"INOUT"
33310;25;578;"INOUT"
33310;26;579;"INOUT"
33310;27;580;"INOUT"
33310;28;542;"OUT"
33310;29;543;"OUT"
33310;30;544;"OUT"
33310;31;545;"OUT"
33310;32;587;"OUT"
33315;1;283;"IN"
33315;2;284;"IN"
33315;3;93;"IN"
33315;4;281;"IN"
33315;5;282;"IN"
33315;6;91;"IN"
33315;7;130;"IN"
33315;8;165;"IN"
33315;9;133;"OUT"
33315;10;390;"OUT"
33315;11;14;"OUT"
33315;12;139;"OUT"
33315;13;181;"OUT"
33315;14;229;"OUT"
33315;15;222;"OUT"
33315;16;224;"OUT"
33315;17;223;"OUT"
33315;18;228;"OUT"
33315;19;227;"OUT"
33315;20;226;"OUT"
33315;21;132;"OUT"
33316;1;233;"IN"
33316;2;77;"IN"
33316;3;81;"IN"
33316;4;79;"IN"
33316;5;80;"IN"
33316;6;170;"OUT"
33316;7;105;"OUT"
33316;8;99;"OUT"
33316;9;172;"OUT"
33316;10;104;"OUT"
33316;11;586;"OUT"
33316;12;125;"OUT"
33316;13;116;"OUT"
33316;14;603;"OUT"
33316;15;604;"OUT"
33316;16;605;"OUT"
33316;17;606;"OUT"
33316;18;607;"OUT"
33316;19;608;"OUT"
33316;20;652;"OUT"
33316;21;382;"OUT"
33316;22;565;"OUT"
33316;23;239;"OUT"
33316;24;298;"OUT"
33316;25;634;"OUT"
33316;26;635;"OUT"
33316;27;636;"OUT"
33316;28;637;"OUT"
33316;29;638;"OUT"
33316;30;609;"OUT"
33316;31;610;"OUT"
33316;32;611;"OUT"
33316;33;612;"OUT"
33316;34;613;"OUT"
33316;35;614;"OUT"
33316;36;615;"OUT"
33316;37;616;"OUT"
33316;38;617;"OUT"
33316;39;618;"OUT"
33316;40;619;"OUT"
33316;41;620;"OUT"
33316;42;621;"OUT"
33316;43;622;"OUT"
33316;44;623;"OUT"
33316;45;575;"OUT"
33316;46;418;"OUT"
33316;47;463;"OUT"
33316;48;436;"OUT"
33316;49;437;"OUT"
33316;50;419;"OUT"
33316;51;420;"OUT"
33316;52;440;"OUT"
33316;53;442;"OUT"
33316;54;444;"OUT"
33316;55;433;"OUT"
33316;56;421;"OUT"
33316;57;446;"OUT"
33316;58;571;"OUT"
33316;59;629;"OUT"
33316;60;630;"OUT"
33316;61;631;"OUT"
33316;62;632;"OUT"
33316;63;633;"OUT"
33316;64;432;"OUT"
33316;65;431;"OUT"
33316;66;473;"OUT"
33316;67;472;"OUT"
33316;68;457;"OUT"
33316;69;451;"OUT"
33316;70;448;"OUT"
33316;71;452;"OUT"
33316;72;450;"OUT"
33316;73;449;"OUT"
33316;74;424;"OUT"
33316;75;374;"OUT"
33316;76;624;"OUT"
33316;77;625;"OUT"
33316;78;626;"OUT"
33316;79;627;"OUT"
33316;80;628;"OUT"
33316;81;470;"OUT"
33316;82;487;"OUT"
33316;83;225;"OUT"
33316;84;411;"OUT"
33316;85;514;"OUT"
33316;86;564;"OUT"
33316;87;464;"OUT"
33316;88;466;"OUT"
33316;89;462;"OUT"
33316;90;441;"OUT"
33316;91;405;"OUT"
33316;92;465;"OUT"
33316;93;456;"OUT"
33316;94;499;"OUT"
33316;95;426;"OUT"
33316;96;498;"OUT"
33316;97;428;"OUT"
33316;98;581;"OUT"
33316;99;512;"OUT"
33317;1;105;"IN"
33317;2;509;"IN"
33317;3;510;"IN"
33317;4;125;"IN"
33317;5;180;"IN"
33317;6;511;"OUT"
33318;1;105;"IN"
33318;2;111;"IN"
33318;3;648;"IN"
33318;4;425;"OUT"
33319;1;105;"IN"
33319;2;370;"IN"
33319;3;512;"INOUT"
33320;1;105;"IN"
33320;2;239;"IN"
33320;3;514;"INOUT"
33321;1;105;"IN"
33321;2;239;"IN"
33321;3;516;"IN"
33321;4;517;"IN"
33321;5;518;"IN"
33321;6;519;"IN"
33321;7;520;"IN"
33321;8;521;"IN"
33321;9;300;"IN"
33321;10;301;"IN"
33321;11;522;"IN"
33321;12;459;"INOUT"
33321;13;460;"INOUT"
33321;14;461;"INOUT"
33321;15;523;"INOUT"
33322;1;19;"IN"
33322;2;105;"IN"
33322;3;299;"IN"
33322;4;300;"INOUT"
33323;1;125;"IN"
33323;2;105;"IN"
33323;3;299;"IN"
33323;4;522;"INOUT"
33324;1;18;"IN"
33324;2;105;"IN"
33324;3;299;"IN"
33324;4;301;"INOUT"
33325;1;105;"IN"
33325;2;239;"IN"
33325;3;379;"INOUT"
33325;4;552;"INOUT"
33325;5;404;"INOUT"
33325;6;467;"INOUT"
33325;7;397;"INOUT"
33325;8;398;"INOUT"
33325;9;399;"INOUT"
33325;10;400;"INOUT"
33325;11;477;"INOUT"
33325;12;401;"INOUT"
33325;13;551;"INOUT"
33325;14;476;"INOUT"
33325;15;478;"INOUT"
33325;16;479;"INOUT"
33325;17;480;"INOUT"
33325;18;481;"INOUT"
33325;19;474;"INOUT"
33325;20;527;"INOUT"
33325;21;528;"INOUT"
33325;22;529;"INOUT"
33325;23;530;"INOUT"
33325;24;531;"INOUT"
33325;25;532;"INOUT"
33325;26;533;"INOUT"
33325;27;373;"INOUT"
33325;28;144;"INOUT"
33325;29;375;"INOUT"
33325;30;381;"INOUT"
33325;31;383;"INOUT"
33325;32;384;"INOUT"
33325;33;389;"INOUT"
33325;34;487;"INOUT"
33325;35;511;"INOUT"
33325;36;385;"INOUT"
33325;37;390;"INOUT"
33325;38;177;"INOUT"
33325;39;95;"INOUT"
33325;40;443;"INOUT"
33325;41;415;"INOUT"
33325;42;454;"INOUT"
33325;43;471;"INOUT"
33325;44;524;"INOUT"
33325;45;408;"INOUT"
33325;46;412;"INOUT"
33325;47;469;"INOUT"
33325;48;503;"INOUT"
33325;49;116;"INOUT"
33325;50;125;"INOUT"
33326;1;105;"IN"
33326;2;239;"IN"
33326;3;104;"IN"
33326;4;652;"INOUT"
33326;5;309;"INOUT"
33327;1;244;"IN"
33327;2;243;"IN"
33327;3;18;"IN"
33327;4;19;"IN"
33327;5;85;"IN"
33327;6;86;"IN"
33327;7;135;"IN"
33327;8;599;"IN"
33327;9;177;"OUT"
33328;1;180;"IN"
33328;2;141;"IN"
33328;3;123;"OUT"
33329;1;283;"IN"
33329;2;284;"IN"
33329;3;281;"IN"
33329;4;282;"IN"
33329;5;91;"IN"
33329;6;647;"IN"
33329;7;319;"IN"
33329;8;130;"IN"
33329;9;165;"IN"
33329;10;648;"OUT"
33329;11;133;"OUT"
33329;12;390;"OUT"
33329;13;14;"OUT"
33329;14;139;"OUT"
33329;15;181;"OUT"
33329;16;229;"OUT"
33329;17;222;"OUT"
33329;18;224;"OUT"
33329;19;223;"OUT"
33329;20;228;"OUT"
33329;21;227;"OUT"
33329;22;226;"OUT"
33329;23;132;"OUT"
33329;24;561;"OUT"
33329;25;583;"OUT"
33329;26;584;"OUT"
33329;27;489;"OUT"
33329;28;490;"OUT"
33330;1;105;"IN"
33330;2;557;"IN"
33330;3;563;"IN"
33330;4;558;"IN"
33330;5;546;"IN"
33330;6;556;"IN"
33330;7;564;"INOUT"
33330;8;565;"INOUT"
33330;9;561;"INOUT"
33330;10;562;"INOUT"
33330;11;397;"INOUT"
33330;12;398;"INOUT"
33330;13;399;"INOUT"
33330;14;400;"INOUT"
33330;15;401;"INOUT"
33330;16;477;"INOUT"
33331;1;105;"IN"
33331;2;239;"IN"
33331;3;546;"IN"
33331;4;402;"IN"
33331;5;562;"IN"
33331;6;505;"IN"
33331;7;537;"IN"
33331;8;116;"IN"
33331;9;375;"IN"
33331;10;536;"IN"
33331;11;390;"IN"
33331;12;552;"INOUT"
33331;13;379;"INOUT"
33331;14;404;"INOUT"
33332;1;105;"IN"
33332;2;512;"IN"
33332;3;81;"IN"
33332;4;407;"IN"
33332;5;562;"IN"
33332;6;505;"IN"
33332;7;546;"IN"
33332;8;408;"OUT"
33332;9;404;"INOUT"
33332;10;379;"INOUT"
33332;11;552;"INOUT"
33332;12;401;"INOUT"
33333;1;105;"IN"
33333;2;405;"IN"
33333;3;549;"IN"
33333;4;82;"IN"
33333;5;377;"IN"
33333;6;562;"IN"
33333;7;378;"IN"
33333;8;508;"IN"
33333;9;116;"IN"
33333;10;599;"IN"
33333;11;418;"INOUT"
33333;12;419;"INOUT"
33333;13;420;"INOUT"
33334;1;105;"IN"
33334;2;562;"IN"
33334;3;422;"IN"
33334;4;423;"IN"
33334;5;424;"IN"
33334;6;425;"IN"
33334;7;415;"IN"
33334;8;420;"IN"
33334;9;421;"IN"
33334;10;399;"IN"
33334;11;426;"OUT"
33334;12;428;"OUT"
33334;13;431;"OUT"
33334;14;432;"OUT"
33334;15;433;"OUT"
33334;16;498;"INOUT"
33334;17;499;"INOUT"
33334;18;581;"INOUT"
33334;19;444;"OUT"
33335;1;373;"IN"
33335;2;382;"IN"
33335;3;552;"IN"
33335;4;435;"IN"
33335;5;562;"IN"
33335;6;505;"IN"
33335;7;436;"OUT"
33335;8;437;"OUT"
33336;1;105;"IN"
33336;2;438;"IN"
33336;3;552;"IN"
33336;4;505;"IN"
33336;5;401;"IN"
33336;6;562;"IN"
33336;7;439;"IN"
33336;8;599;"IN"
33336;9;440;"OUT"
33336;10;441;"OUT"
33336;11;442;"OUT"
33337;1;105;"IN"
33337;2;239;"IN"
33337;3;546;"IN"
33337;4;70;"IN"
33337;5;53;"IN"
33337;6;562;"IN"
33337;7;448;"IN"
33337;8;449;"IN"
33337;9;450;"IN"
33337;10;451;"IN"
33337;11;452;"IN"
33337;12;424;"IN"
33337;13;472;"IN"
33337;14;467;"IN"
33337;15;469;"IN"
33337;16;379;"IN"
33337;17;458;"IN"
33337;18;523;"IN"
33337;19;397;"INOUT"
33337;20;398;"INOUT"
33337;21;399;"INOUT"
33337;22;400;"INOUT"
33337;23;401;"INOUT"
33337;24;551;"INOUT"
33337;25;476;"INOUT"
33337;26;477;"INOUT"
33337;27;478;"OUT"
33337;28;479;"OUT"
33337;29;480;"OUT"
33337;30;481;"OUT"
33337;31;474;"OUT"
33337;32;503;"OUT"
33337;33;527;"INOUT"
33337;34;528;"INOUT"
33337;35;529;"INOUT"
33337;36;530;"INOUT"
33337;37;531;"INOUT"
33337;38;532;"INOUT"
33337;39;533;"INOUT"
33337;40;534;"INOUT"
33338;1;105;"IN"
33338;2;511;"IN"
33338;3;562;"IN"
33338;4;384;"IN"
33338;5;383;"IN"
33338;6;58;"IN"
33338;7;104;"IN"
33338;8;570;"IN"
33338;9;489;"OUT"
33338;10;385;"INOUT"
33338;11;490;"OUT"
33338;12;390;"INOUT"
33339;1;561;"IN"
33339;2;559;"IN"
33339;3;95;"INOUT"
33340;1;105;"IN"
33340;2;141;"IN"
33340;3;123;"IN"
33340;4;222;"IN"
33340;5;223;"IN"
33340;6;224;"IN"
33340;7;111;"IN"
33340;8;139;"IN"
33340;9;566;"IN"
33340;10;553;"IN"
33340;11;281;"IN"
33340;12;282;"IN"
33340;13;585;"IN"
33340;14;425;"IN"
33340;15;648;"IN"
33340;16;122;"OUT"
33340;17;228;"INOUT"
33340;18;226;"INOUT"
33340;19;227;"INOUT"
33340;20;112;"INOUT"
33340;21;133;"INOUT"
33340;22;132;"INOUT"
33340;23;225;"OUT"
33340;24;388;"OUT"
33342;1;105;"IN"
33342;2;139;"IN"
33342;3;118;"IN"
33342;4;111;"IN"
33342;5;224;"IN"
33342;6;222;"IN"
33342;7;223;"IN"
33342;8;229;"IN"
33342;9;560;"IN"
33342;10;553;"IN"
33342;11;281;"IN"
33342;12;282;"IN"
33342;13;584;"IN"
33342;14;566;"INOUT"
33342;15;133;"INOUT"
33342;16;112;"INOUT"
33342;17;14;"INOUT"
33342;18;132;"INOUT"
33342;19;117;"OUT"
33342;20;227;"INOUT"
33342;21;226;"INOUT"
33342;22;228;"INOUT"
33342;23;571;"OUT"
33342;24;585;"INOUT"
33343;1;105;"IN"
33343;2;554;"IN"
33343;3;555;"IN"
33343;4;553;"IN"
33343;5;383;"IN"
33343;6;8;"IN"
33343;7;574;"IN"
33343;8;575;"IN"
33343;9;584;"IN"
33343;10;583;"IN"
33343;11;16;"IN"
33343;12;566;"INOUT"
33343;13;568;"OUT"
33343;14;569;"OUT"
33343;15;585;"INOUT"
33343;16;118;"INOUT"
33345;1;115;"IN"
33345;2;14;"IN"
33345;3;648;"IN"
33345;4;132;"IN"
33345;5;139;"IN"
33345;6;3;"IN"
33345;7;281;"IN"
33345;8;282;"IN"
33345;9;227;"IN"
33345;10;226;"IN"
33345;11;105;"IN"
33345;12;239;"IN"
33345;13;566;"IN"
33345;14;585;"IN"
33345;15;111;"INOUT"
33345;16;112;"INOUT"
33345;17;133;"INOUT"
33345;18;571;"INOUT"
33345;19;425;"INOUT"
33346;1;105;"IN"
33346;2;111;"IN"
33346;3;139;"IN"
33346;4;222;"IN"
33346;5;113;"IN"
33346;6;122;"IN"
33346;7;223;"IN"
33346;8;224;"IN"
33346;9;281;"IN"
33346;10;282;"IN"
33346;11;648;"IN"
33346;12;112;"INOUT"
33346;13;132;"INOUT"
33346;14;133;"INOUT"
33346;15;226;"INOUT"
33346;16;227;"INOUT"
33346;17;228;"INOUT"
33346;18;566;"INOUT"
33346;19;585;"INOUT"
33347;1;105;"IN"
33347;2;16;"IN"
33347;3;94;"IN"
33347;4;92;"IN"
33347;5;553;"IN"
33347;6;8;"IN"
33347;7;383;"IN"
33347;8;572;"IN"
33347;9;574;"IN"
33347;10;584;"IN"
33347;11;94;"IN"
33347;12;560;"IN"
33347;13;575;"IN"
33347;14;585;"INOUT"
33347;15;566;"INOUT"
33347;16;118;"INOUT"
33347;17;127;"INOUT"
33348;1;383;"IN"
33348;2;566;"IN"
33348;3;570;"OUT"
33349;1;105;"IN"
33349;2;582;"IN"
33349;3;399;"IN"
33349;4;428;"IN"
33349;5;422;"IN"
33349;6;573;"OUT"
33349;7;450;"INOUT"
33349;8;471;"INOUT"
33350;1;105;"IN"
33350;2;281;"IN"
33350;3;282;"IN"
33350;4;648;"IN"
33350;5;585;"IN"
33350;6;425;"IN"
33350;7;223;"IN"
33350;8;224;"IN"
33350;9;566;"IN"
33350;10;133;"INOUT"
33350;11;14;"INOUT"
33350;12;132;"INOUT"
33350;13;112;"INOUT"
33350;14;227;"INOUT"
33350;15;226;"INOUT"
33350;16;228;"INOUT"
33351;1;111;"IN"
33351;2;133;"IN"
33351;3;585;"IN"
33351;4;229;"IN"
33351;5;112;"INOUT"
33351;6;125;"OUT"
33353;1;105;"IN"
33353;2;575;"INOUT"
33354;1;105;"IN"
33354;2;239;"IN"
33354;3;129;"IN"
33354;4;589;"INOUT"
33355;1;105;"IN"
33355;2;239;"IN"
33355;3;129;"IN"
33355;4;590;"INOUT"
33356;1;105;"IN"
33356;2;239;"IN"
33356;3;129;"IN"
33356;4;591;"INOUT"
33357;1;105;"IN"
33357;2;239;"IN"
33357;3;129;"IN"
33357;4;592;"INOUT"
33358;1;105;"IN"
33358;2;239;"IN"
33358;3;129;"IN"
33358;4;593;"INOUT"
33359;1;105;"IN"
33359;2;239;"IN"
33359;3;129;"IN"
33359;4;594;"INOUT"
33360;1;105;"IN"
33360;2;239;"IN"
33360;3;129;"IN"
33360;4;595;"INOUT"
33361;1;597;"IN"
33361;2;598;"IN"
33361;3;19;"IN"
33361;4;599;"OUT"
33362;1;177;"IN"
33362;2;245;"IN"
33362;3;95;"OUT"
33363;1;600;"IN"
33363;2;442;"IN"
33363;3;452;"INOUT"
33363;4;451;"INOUT"
33364;1;105;"IN"
33364;2;379;"IN"
33364;3;552;"IN"
33364;4;116;"IN"
33364;5;125;"IN"
33364;6;505;"IN"
33364;7;104;"IN"
33364;8;467;"IN"
33364;9;480;"IN"
33364;10;477;"IN"
33364;11;601;"INOUT"
33364;12;602;"INOUT"
33364;13;603;"INOUT"
33364;14;604;"INOUT"
33364;15;605;"INOUT"
33364;16;606;"INOUT"
33364;17;607;"INOUT"
33364;18;608;"INOUT"
33364;19;609;"INOUT"
33364;20;610;"INOUT"
33364;21;611;"INOUT"
33364;22;612;"INOUT"
33364;23;613;"INOUT"
33364;24;614;"INOUT"
33364;25;615;"INOUT"
33364;26;616;"INOUT"
33364;27;617;"INOUT"
33364;28;618;"INOUT"
33364;29;619;"INOUT"
33364;30;620;"INOUT"
33364;31;621;"INOUT"
33364;32;622;"INOUT"
33364;33;623;"INOUT"
33364;34;624;"INOUT"
33364;35;625;"INOUT"
33364;36;626;"INOUT"
33364;37;627;"INOUT"
33364;38;628;"INOUT"
33364;39;629;"INOUT"
33364;40;630;"INOUT"
33364;41;631;"INOUT"
33364;42;632;"INOUT"
33364;43;633;"INOUT"
33364;44;634;"INOUT"
33364;45;635;"INOUT"
33364;46;636;"INOUT"
33364;47;637;"INOUT"
33364;48;638;"INOUT"
33364;49;639;"INOUT"
33364;50;640;"INOUT"
33364;51;641;"INOUT"
33364;52;642;"INOUT"
33364;53;643;"INOUT"
33364;54;644;"INOUT"
33364;55;645;"INOUT"
33364;56;646;"INOUT"
33365;1;105;"IN"
33365;2;18;"IN"
33365;3;19;"IN"
33365;4;85;"IN"
33365;5;86;"IN"
33365;6;277;"IN"
33365;7;279;"IN"
33365;8;116;"IN"
33365;9;371;"IN"
33365;10;599;"IN"
33365;11;256;"OUT"
33365;12;370;"OUT"
33366;1;560;"IN"
33366;2;553;"IN"
33366;3;584;"IN"
33366;4;117;"INOUT"
33366;5;127;"INOUT"
33366;6;585;"INOUT"
33367;1;585;"IN"
33367;2;584;"IN"
33367;3;425;"IN"
33367;4;281;"IN"
33367;5;282;"IN"
33367;6;650;"IN"
33367;7;649;"OUT"
33367;8;651;"OUT"
33368;1;65;"IN"
33368;2;125;"IN"
33368;3;180;"IN"
33368;4;387;"IN"
33368;5;585;"IN"
33368;6;651;"IN"
33368;7;116;"OUT"
33369;1;98;"IN"
33369;2;182;"IN"
33369;3;596;"IN"
33369;4;71;"IN"
33369;5;97;"IN"
33369;6;105;"IN"
33369;7;137;"OUT"
33370;1;16;"IN"
33370;2;8;"IN"
33370;3;554;"IN"
33370;4;555;"IN"
33370;5;655;"IN"
33370;6;656;"IN"
33370;7;112;"IN"
33370;8;111;"IN"
33370;9;94;"IN"
33370;10;92;"IN"
33370;11;118;"OUT"
33370;12;127;"OUT"
33370;13;569;"OUT"
33371;1;105;"IN"
33371;2;239;"IN"
33371;3;379;"INOUT"
33371;4;552;"INOUT"
33371;5;404;"INOUT"
33371;6;467;"INOUT"
33371;7;397;"INOUT"
33371;8;398;"INOUT"
33371;9;399;"INOUT"
33371;10;400;"INOUT"
33371;11;477;"INOUT"
33371;12;401;"INOUT"
33371;13;551;"INOUT"
33371;14;476;"INOUT"
33371;15;478;"INOUT"
33371;16;479;"INOUT"
33371;17;480;"INOUT"
33371;18;481;"INOUT"
33371;19;474;"INOUT"
33371;20;527;"INOUT"
33371;21;528;"INOUT"
33371;22;529;"INOUT"
33371;23;530;"INOUT"
33371;24;531;"INOUT"
33371;25;532;"INOUT"
33371;26;533;"INOUT"
33371;27;373;"INOUT"
33371;28;144;"INOUT"
33371;29;375;"INOUT"
33371;30;381;"INOUT"
33371;31;383;"INOUT"
33371;32;384;"INOUT"
33371;33;389;"INOUT"
33371;34;487;"INOUT"
33371;35;511;"INOUT"
33371;36;385;"INOUT"
33371;37;390;"INOUT"
33371;38;177;"INOUT"
33371;39;95;"INOUT"
33371;40;443;"INOUT"
33371;41;415;"INOUT"
33371;42;454;"INOUT"
33371;43;471;"INOUT"
33371;44;524;"INOUT"
33371;45;408;"INOUT"
33371;46;412;"INOUT"
33371;47;469;"INOUT"
33371;48;503;"INOUT"
33371;49;116;"INOUT"
33371;50;125;"INOUT"
33371;51;670;"INOUT"
33372;1;600;"IN"
33372;2;442;"IN"
33372;3;105;"IN"
33372;4;424;"IN"
33372;5;437;"IN"
33372;6;446;"IN"
33372;7;420;"IN"
33372;8;421;"IN"
33372;9;433;"IN"
33372;10;672;"IN"
33372;11;452;"INOUT"
33372;12;451;"INOUT"
33372;13;448;"INOUT"
33372;14;449;"INOUT"
33372;15;450;"INOUT"
33372;16;472;"INOUT"
33373;1;105;"IN"
33373;2;509;"IN"
33373;3;510;"IN"
33373;4;125;"IN"
33373;5;180;"IN"
33373;6;511;"OUT"
33374;1;105;"IN"
33374;2;379;"IN"
33374;3;552;"IN"
33374;4;116;"IN"
33374;5;125;"IN"
33374;6;505;"IN"
33374;7;104;"IN"
33374;8;467;"IN"
33374;9;480;"IN"
33374;10;477;"IN"
33374;11;481;"IN"
33374;12;533;"IN"
33374;13;523;"IN"
33374;14;578;"IN"
33374;15;576;"IN"
33374;16;601;"INOUT"
33374;17;602;"INOUT"
33374;18;603;"INOUT"
33374;19;604;"INOUT"
33374;20;605;"INOUT"
33374;21;606;"INOUT"
33374;22;607;"INOUT"
33374;23;608;"INOUT"
33374;24;609;"INOUT"
33374;25;610;"INOUT"
33374;26;611;"INOUT"
33374;27;612;"INOUT"
33374;28;613;"INOUT"
33374;29;614;"INOUT"
33374;30;615;"INOUT"
33374;31;616;"INOUT"
33374;32;617;"INOUT"
33374;33;618;"INOUT"
33374;34;619;"INOUT"
33374;35;620;"INOUT"
33374;36;621;"INOUT"
33374;37;622;"INOUT"
33374;38;623;"INOUT"
33374;39;624;"INOUT"
33374;40;625;"INOUT"
33374;41;626;"INOUT"
33374;42;627;"INOUT"
33374;43;628;"INOUT"
33374;44;629;"INOUT"
33374;45;630;"INOUT"
33374;46;631;"INOUT"
33374;47;632;"INOUT"
33374;48;633;"INOUT"
33374;49;634;"INOUT"
33374;50;635;"INOUT"
33374;51;636;"INOUT"
33374;52;637;"INOUT"
33374;53;638;"INOUT"
33374;54;639;"INOUT"
33374;55;640;"INOUT"
33374;56;641;"INOUT"
33374;57;642;"INOUT"
33374;58;643;"INOUT"
33374;59;644;"INOUT"
33374;60;645;"INOUT"
33374;61;646;"INOUT"
33374;62;697;"INOUT"
33374;63;698;"INOUT"
33374;64;699;"INOUT"
33374;65;700;"INOUT"
33374;66;701;"INOUT"
33375;1;115;"IN"
33375;2;14;"IN"
33375;3;648;"IN"
33375;4;132;"IN"
33375;5;139;"IN"
33375;6;3;"IN"
33375;7;281;"IN"
33375;8;282;"IN"
33375;9;227;"IN"
33375;10;226;"IN"
33375;11;105;"IN"
33375;12;239;"IN"
33375;13;566;"IN"
33375;14;585;"IN"
33375;15;657;"IN"
33375;16;565;"IN"
33375;17;556;"IN"
33375;18;664;"IN"
33375;19;111;"INOUT"
33375;20;112;"INOUT"
33375;21;133;"INOUT"
33375;22;571;"INOUT"
33375;23;425;"INOUT"
33376;1;105;"IN"
33376;2;505;"IN"
33376;3;477;"IN"
33376;4;463;"IN"
33376;5;415;"IN"
33376;6;500;"IN"
33376;7;443;"IN"
33376;8;95;"IN"
33376;9;456;"OUT"
33376;10;454;"INOUT"
33376;11;464;"OUT"
33376;12;465;"OUT"
33376;13;466;"OUT"
33376;14;467;"INOUT"
33376;15;693;"INOUT"
33376;16;695;"OUT"
33377;1;105;"IN"
33377;2;512;"IN"
33377;3;81;"IN"
33377;4;407;"IN"
33377;5;562;"IN"
33377;6;505;"IN"
33377;7;546;"IN"
33377;8;408;"OUT"
33377;9;404;"INOUT"
33377;10;379;"INOUT"
33377;11;552;"INOUT"
33377;12;401;"INOUT"
33378;1;105;"IN"
33378;2;505;"IN"
33378;3;409;"IN"
33378;4;144;"IN"
33378;5;410;"OUT"
33378;6;397;"INOUT"
33378;7;411;"OUT"
33378;8;412;"INOUT"
33378;9;504;"INOUT"
33379;1;373;"IN"
33379;2;526;"IN"
33379;3;374;"IN"
33379;4;116;"IN"
33379;5;376;"IN"
33379;6;377;"IN"
33379;7;378;"IN"
33379;8;552;"IN"
33379;9;380;"IN"
33379;10;58;"IN"
33379;11;505;"IN"
33379;12;497;"IN"
33379;13;599;"IN"
33379;14;653;"IN"
33379;15;382;"OUT"
33379;16;381;"INOUT"
33379;17;383;"OUT"
33379;18;384;"OUT"
33380;1;105;"IN"
33380;2;448;"IN"
33380;3;449;"IN"
33380;4;450;"IN"
33380;5;451;"IN"
33380;6;452;"IN"
33380;7;472;"IN"
33380;8;466;"IN"
33380;9;477;"IN"
33380;10;679;"IN"
33380;11;424;"OUT"
33380;12;681;"OUT"
33380;13;686;"OUT"
33381;1;105;"IN"
33381;2;415;"IN"
33381;3;472;"IN"
33381;4;424;"INOUT"
33381;5;454;"INOUT"
33381;6;448;"INOUT"
33381;7;449;"INOUT"
33381;8;450;"INOUT"
33381;9;451;"INOUT"
33381;10;452;"INOUT"
33381;11;684;"INOUT"
33381;12;686;"OUT"
33381;13;693;"INOUT"
33382;1;105;"IN"
33382;2;505;"IN"
33382;3;415;"IN"
33382;4;420;"IN"
33382;5;446;"IN"
33382;6;448;"OUT"
33382;7;684;"INOUT"
33383;1;105;"IN"
33383;2;505;"IN"
33383;3;415;"IN"
33383;4;437;"IN"
33383;5;446;"IN"
33383;6;672;"IN"
33383;7;451;"OUT"
33383;8;472;"OUT"
33384;1;105;"IN"
33384;2;373;"IN"
33384;3;400;"IN"
33384;4;398;"IN"
33384;5;468;"IN"
33384;6;454;"IN"
33384;7;465;"IN"
33384;8;469;"OUT"
33384;9;470;"INOUT"
33384;10;477;"INOUT"
33384;11;471;"INOUT"
33384;12;524;"INOUT"
33384;13;472;"INOUT"
33384;14;679;"OUT"
33384;15;694;"OUT"
33385;1;105;"IN"
33385;2;141;"IN"
33385;3;123;"IN"
33385;4;222;"IN"
33385;5;223;"IN"
33385;6;224;"IN"
33385;7;111;"IN"
33385;8;139;"IN"
33385;9;553;"IN"
33385;10;281;"IN"
33385;11;282;"IN"
33385;12;425;"IN"
33385;13;648;"IN"
33385;14;122;"OUT"
33385;15;228;"INOUT"
33385;16;226;"INOUT"
33385;17;227;"INOUT"
33385;18;112;"INOUT"
33385;19;133;"INOUT"
33385;20;132;"INOUT"
33385;21;225;"OUT"
33385;22;388;"OUT"
33385;23;566;"INOUT"
33385;24;585;"INOUT"
33386;1;105;"IN"
33386;2;239;"IN"
33386;3;546;"IN"
33386;4;70;"IN"
33386;5;53;"IN"
33386;6;562;"IN"
33386;7;448;"IN"
33386;8;449;"IN"
33386;9;450;"IN"
33386;10;451;"IN"
33386;11;452;"IN"
33386;12;424;"IN"
33386;13;472;"IN"
33386;14;467;"IN"
33386;15;469;"IN"
33386;16;379;"IN"
33386;17;458;"IN"
33386;18;523;"IN"
33386;19;412;"IN"
33386;20;679;"IN"
33386;21;466;"IN"
33386;22;524;"IN"
33386;23;411;"IN"
33386;24;397;"INOUT"
33386;25;398;"INOUT"
33386;26;399;"INOUT"
33386;27;400;"INOUT"
33386;28;401;"INOUT"
33386;29;551;"INOUT"
33386;30;476;"INOUT"
33386;31;477;"INOUT"
33386;32;478;"INOUT"
33386;33;479;"INOUT"
33386;34;480;"OUT"
33386;35;481;"OUT"
33386;36;474;"OUT"
33386;37;503;"OUT"
33386;38;527;"INOUT"
33386;39;528;"INOUT"
33386;40;529;"INOUT"
33386;41;530;"INOUT"
33386;42;531;"INOUT"
33386;43;532;"INOUT"
33386;44;533;"INOUT"
33386;45;534;"INOUT"
33386;46;670;"INOUT"
33386;47;680;"INOUT"
33386;48;682;"OUT"
33386;49;696;"OUT"
33387;1;105;"IN"
33387;2;401;"IN"
33387;3;458;"IN"
33387;4;523;"IN"
33387;5;370;"IN"
33387;6;79;"IN"
33387;7;415;"IN"
33387;8;95;"IN"
33387;9;443;"IN"
33387;10;599;"IN"
33387;11;462;"OUT"
33387;12;463;"OUT"
33387;13;454;"INOUT"
33387;14;505;"INOUT"
33387;15;693;"INOUT"
33388;1;105;"IN"
33388;2;373;"IN"
33388;3;95;"IN"
33388;4;411;"IN"
33388;5;443;"IN"
33388;6;515;"OUT"
33388;7;471;"INOUT"
33388;8;524;"INOUT"
33388;9;454;"INOUT"
33388;10;415;"OUT"
33388;11;678;"INOUT"
33389;1;105;"IN"
33389;2;239;"IN"
33389;3;129;"IN"
33389;4;595;"INOUT"
33390;1;105;"IN"
33390;2;239;"IN"
33390;3;244;"IN"
33390;4;481;"IN"
33390;5;412;"IN"
33390;6;399;"IN"
33390;7;113;"IN"
33390;8;122;"IN"
33390;9;117;"IN"
33390;10;127;"IN"
33390;11;415;"IN"
33390;12;471;"IN"
33390;13;8;"IN"
33390;14;568;"IN"
33390;15;16;"IN"
33390;16;95;"IN"
33390;17;177;"IN"
33390;18;243;"IN"
33390;19;129;"IN"
33390;20;556;"IN"
33390;21;564;"IN"
33390;22;562;"IN"
33390;23;557;"IN"
33390;24;670;"IN"
33390;25;349;"OUT"
33390;26;348;"INOUT"
33390;27;539;"INOUT"
33390;28;540;"INOUT"
33390;29;576;"INOUT"
33390;30;577;"INOUT"
33390;31;578;"INOUT"
33390;32;579;"INOUT"
33390;33;580;"INOUT"
33390;34;542;"OUT"
33390;35;543;"OUT"
33390;36;544;"OUT"
33390;37;545;"OUT"
33390;38;587;"OUT"
33391;1;134;"IN"
33391;2;104;"IN"
33391;3;58;"IN"
33391;4;244;"OUT"
33391;5;385;"INOUT"
33392;1;105;"IN"
33392;2;239;"IN"
33392;3;397;"IN"
33392;4;144;"IN"
33392;5;82;"IN"
33392;6;378;"IN"
33392;7;377;"IN"
33392;8;424;"IN"
33392;9;448;"IN"
33392;10;420;"IN"
33392;11;104;"OUT"
33392;12;676;"OUT"
33392;13;675;"OUT"
33393;1;105;"IN"
33393;2;443;"IN"
33393;3;420;"IN"
33393;4;421;"IN"
33393;5;433;"IN"
33393;6;437;"IN"
33393;7;442;"IN"
33393;8;415;"IN"
33393;9;514;"IN"
33393;10;383;"IN"
33393;11;116;"IN"
33393;12;672;"IN"
33393;13;446;"OUT"
33393;14;505;"INOUT"
33393;15;586;"INOUT"
33393;16;380;"OUT"
33393;17;654;"INOUT"
33393;18;653;"OUT"
33393;19;685;"OUT"
33394;1;105;"IN"
33394;2;405;"IN"
33394;3;549;"IN"
33394;4;82;"IN"
33394;5;377;"IN"
33394;6;562;"IN"
33394;7;378;"IN"
33394;8;508;"IN"
33394;9;116;"IN"
33394;10;599;"IN"
33394;11;418;"INOUT"
33394;12;419;"INOUT"
33394;13;420;"INOUT"
33394;14;683;"OUT"
33395;1;373;"IN"
33395;2;382;"IN"
33395;3;552;"IN"
33395;4;435;"IN"
33395;5;562;"IN"
33395;6;505;"IN"
33395;7;469;"IN"
33395;8;477;"IN"
33395;9;671;"IN"
33395;10;105;"IN"
33395;11;436;"OUT"
33395;12;437;"OUT"
33395;13;672;"OUT"
33396;1;105;"IN"
33396;2;511;"IN"
33396;3;562;"IN"
33396;4;384;"IN"
33396;5;383;"IN"
33396;6;58;"IN"
33396;7;104;"IN"
33396;8;570;"IN"
33396;9;489;"INOUT"
33396;10;385;"INOUT"
33396;11;490;"INOUT"
33396;12;390;"INOUT"
33397;1;244;"IN"
33397;2;134;"IN"
33397;3;243;"IN"
33397;4;18;"IN"
33397;5;19;"IN"
33397;6;85;"IN"
33397;7;86;"IN"
33397;8;135;"IN"
33397;9;599;"IN"
33397;10;689;"IN"
33397;11;702;"IN"
33397;12;690;"IN"
33397;13;83;"IN"
33397;14;144;"IN"
33397;15;703;"IN"
33397;16;177;"INOUT"
33397;17;692;"INOUT"
33398;1;105;"IN"
33398;2;554;"IN"
33398;3;555;"IN"
33398;4;553;"IN"
33398;5;383;"IN"
33398;6;8;"IN"
33398;7;574;"IN"
33398;8;575;"IN"
33398;9;584;"IN"
33398;10;583;"IN"
33398;11;16;"IN"
33398;12;667;"IN"
33398;13;668;"IN"
33398;14;669;"IN"
33398;15;565;"IN"
33398;16;560;"IN"
33398;17;129;"IN"
33398;18;139;"IN"
33398;19;648;"IN"
33398;20;425;"IN"
33398;21;281;"IN"
33398;22;282;"IN"
33398;23;3;"IN"
33398;24;566;"INOUT"
33398;25;568;"OUT"
33398;26;569;"OUT"
33398;27;585;"INOUT"
33398;28;118;"INOUT"
33398;29;111;"INOUT"
33398;30;112;"INOUT"
33398;31;125;"INOUT"
33398;32;127;"INOUT"
33399;1;140;"IN"
33399;2;180;"IN"
33399;3;702;"IN"
33399;4;688;"IN"
33399;5;114;"INOUT"
33399;6;691;"INOUT"
33400;1;105;"IN"
33400;2;505;"IN"
33400;3;373;"IN"
33400;4;477;"IN"
33400;5;446;"IN"
33400;6;420;"IN"
33400;7;421;"IN"
33400;8;433;"IN"
33400;9;437;"IN"
33400;10;442;"IN"
33400;11;500;"IN"
33400;12;472;"IN"
33400;13;456;"OUT"
33400;14;457;"OUT"
33400;15;448;"INOUT"
33400;16;449;"INOUT"
33400;17;450;"INOUT"
33400;18;451;"INOUT"
33400;19;452;"INOUT"
33400;20;424;"INOUT"
33400;21;465;"OUT"
33400;22;684;"INOUT"
33400;23;686;"OUT"
33400;24;695;"OUT"
33401;1;105;"IN"
33401;2;239;"IN"
33401;3;379;"INOUT"
33401;4;552;"INOUT"
33401;5;404;"INOUT"
33401;6;467;"INOUT"
33401;7;397;"INOUT"
33401;8;398;"INOUT"
33401;9;399;"INOUT"
33401;10;400;"INOUT"
33401;11;477;"INOUT"
33401;12;401;"INOUT"
33401;13;551;"INOUT"
33401;14;476;"INOUT"
33401;15;478;"INOUT"
33401;16;479;"INOUT"
33401;17;480;"INOUT"
33401;18;481;"INOUT"
33401;19;474;"INOUT"
33401;20;527;"INOUT"
33401;21;528;"INOUT"
33401;22;529;"INOUT"
33401;23;530;"INOUT"
33401;24;531;"INOUT"
33401;25;532;"INOUT"
33401;26;533;"INOUT"
33401;27;373;"INOUT"
33401;28;144;"INOUT"
33401;29;375;"INOUT"
33401;30;381;"INOUT"
33401;31;383;"INOUT"
33401;32;384;"INOUT"
33401;33;389;"INOUT"
33401;34;487;"INOUT"
33401;35;511;"INOUT"
33401;36;385;"INOUT"
33401;37;390;"INOUT"
33401;38;177;"INOUT"
33401;39;95;"INOUT"
33401;40;443;"INOUT"
33401;41;415;"INOUT"
33401;42;454;"INOUT"
33401;43;471;"INOUT"
33401;44;524;"INOUT"
33401;45;408;"INOUT"
33401;46;412;"INOUT"
33401;47;469;"INOUT"
33401;48;503;"INOUT"
33401;49;116;"INOUT"
33401;50;125;"INOUT"
33401;51;670;"INOUT"
33401;52;504;"INOUT"
33402;1;105;"IN"
33402;2;239;"IN"
33402;3;244;"IN"
33402;4;481;"IN"
33402;5;412;"IN"
33402;6;399;"IN"
33402;7;113;"IN"
33402;8;122;"IN"
33402;9;117;"IN"
33402;10;127;"IN"
33402;11;415;"IN"
33402;12;471;"IN"
33402;13;8;"IN"
33402;14;568;"IN"
33402;15;16;"IN"
33402;16;95;"IN"
33402;17;177;"IN"
33402;18;243;"IN"
33402;19;129;"IN"
33402;20;556;"IN"
33402;21;564;"IN"
33402;22;562;"IN"
33402;23;557;"IN"
33402;24;670;"IN"
33402;25;480;"IN"
33402;26;349;"OUT"
33402;27;348;"INOUT"
33402;28;539;"INOUT"
33402;29;540;"INOUT"
33402;30;576;"INOUT"
33402;31;577;"INOUT"
33402;32;578;"INOUT"
33402;33;579;"INOUT"
33402;34;580;"INOUT"
33402;35;542;"OUT"
33402;36;543;"OUT"
33402;37;544;"OUT"
33402;38;545;"OUT"
33402;39;587;"OUT"
33402;40;704;"OUT"
33403;1;105;"IN"
33403;2;512;"IN"
33403;3;81;"IN"
33403;4;407;"IN"
33403;5;562;"IN"
33403;6;505;"IN"
33403;7;546;"IN"
33403;8;408;"OUT"
33403;9;404;"INOUT"
33403;10;379;"INOUT"
33403;11;552;"INOUT"
33403;12;401;"INOUT"
33404;1;82;"IN"
33404;2;83;"IN"
33404;3;365;"IN"
33404;4;99;"IN"
33404;5;233;"IN"
33404;6;105;"IN"
33404;7;370;"IN"
33404;8;86;"IN"
33404;9;85;"IN"
33404;10;547;"IN"
33404;11;397;"IN"
33404;12;448;"IN"
33404;13;134;"IN"
33404;14;548;"OUT"
33404;15;549;"OUT"
33404;16;144;"INOUT"
33405;1;105;"IN"
33405;2;375;"IN"
33405;3;513;"IN"
33405;4;377;"OUT"
33406;1;105;"IN"
33406;2;239;"IN"
33406;3;546;"IN"
33406;4;402;"IN"
33406;5;562;"IN"
33406;6;505;"IN"
33406;7;537;"IN"
33406;8;116;"IN"
33406;9;375;"IN"
33406;10;536;"IN"
33406;11;390;"IN"
33406;12;552;"INOUT"
33406;13;379;"INOUT"
33406;14;404;"INOUT"
33407;1;392;"IN"
33407;2;393;"IN"
33407;3;394;"IN"
33407;4;395;"IN"
33407;5;396;"IN"
33407;6;397;"IN"
33407;7;398;"IN"
33407;8;399;"IN"
33407;9;400;"IN"
33407;10;401;"IN"
33407;11;182;"IN"
33407;12;84;"IN"
33407;13;525;"IN"
33407;14;134;"IN"
33407;15;443;"OUT"
33408;1;105;"IN"
33408;2;557;"IN"
33408;3;563;"IN"
33408;4;558;"IN"
33408;5;546;"IN"
33408;6;556;"IN"
33408;7;564;"INOUT"
33408;8;565;"INOUT"
33408;9;561;"INOUT"
33408;10;562;"INOUT"
33408;11;397;"INOUT"
33408;12;398;"INOUT"
33408;13;399;"INOUT"
33408;14;400;"INOUT"
33408;15;401;"INOUT"
33408;16;477;"INOUT"
33408;17;412;"INOUT"
33408;18;469;"INOUT"
33409;1;18;"IN"
33409;2;19;"IN"
33409;3;11;"IN"
33409;4;12;"IN"
33409;5;105;"IN"
33409;6;299;"IN"
33409;7;301;"INOUT"
